{
  "Version": "2012-10-17",
  "Statement": [
    {
      "Effect": "Allow",
      "Action": [
        "logs:CreateLogGroup",
        "logs:CreateLogStream",
        "logs:PutLogEvents"
      ],
      "Resource": "*"
    },
    {
      "Effect": "Allow",
      "Action": [
        "lambda:InvokeFunction"
      ],
      "Resource": "*"
    },
    {
      "Effect": "Allow",
      "Action": [
        "cloudwatch:Describe*",
        "cloudwatch:Get*",
        "cloudwatch:List*"
      ],
      "Resource": "*"
    },
    {
      "Effect": "Allow",
      "Action": [
        "dynamodb:ListTables",
        "dynamodb:DescribeContributorInsights",
        "dynamodb:ListTagsOfResource",
        "dynamodb:DescribeReservedCapacityOfferings",
        "dynamodb:PartiQLSelect",
        "dynamodb:DescribeTable",
        "dynamodb:GetItem",
        "dynamodb:DescribeContinuousBackups",
        "dynamodb:DescribeExport",
        "dynamodb:DescribeKinesisStreamingDestination",
        "dynamodb:ListExports",
        "dynamodb:DescribeLimits",
        "dynamodb:BatchGetItem",
        "dynamodb:ConditionCheckItem",
        "dynamodb:ListBackups",
        "dynamodb:Scan",
        "dynamodb:Query",
        "dynamodb:DescribeStream",
        "dynamodb:DescribeTimeToLive",
        "dynamodb:ListStreams",
        "dynamodb:ListContributorInsights",
        "dynamodb:DescribeGlobalTableSettings",
        "dynamodb:ListGlobalTables",
        "dynamodb:GetShardIterator",
        "dynamodb:DescribeGlobalTable",
        "dynamodb:DescribeReservedCapacity",
        "dynamodb:DescribeBackup",
        "dynamodb:GetRecords",
        "dynamodb:DescribeTableReplicaAutoScaling"
      ],
      "Resource": "*"
    }
  ]
}